epoch,step,loss
1,1,3.6971988677978516
1,2,3.708667039871216
1,3,3.6775548458099365
1,4,3.6663918495178223
1,5,3.7088749408721924
1,6,3.7190940380096436
1,7,3.66021466255188
1,8,3.67246413230896
1,9,3.659688949584961
1,10,3.6381702423095703
1,11,3.647160053253174
1,12,3.6286678314208984
1,13,3.576674222946167
1,14,3.5957677364349365
1,15,3.5870165824890137
1,16,3.532494068145752
1,17,3.550025701522827
1,18,3.4908783435821533
1,19,3.485462188720703
1,20,3.4390389919281006
1,21,3.4350759983062744
1,22,3.4048731327056885
1,23,3.361624240875244
1,24,3.3180758953094482
1,25,3.289388656616211
1,26,3.232879400253296
1,27,3.1767351627349854
1,28,3.1703195571899414
1,29,3.1379878520965576
1,30,3.0608370304107666
1,31,3.055366039276123
1,32,2.984490394592285
1,33,2.9511337280273438
1,34,2.9306461811065674
1,35,2.834946393966675
1,36,2.778937816619873
1,37,2.7376067638397217
1,38,2.6939592361450195
1,39,2.623352289199829
1,40,2.5580105781555176
1,41,2.5328710079193115
1,42,2.4330480098724365
1,43,2.3311052322387695
1,44,2.24362850189209
1,45,2.172887086868286
1,46,2.091080665588379
1,47,1.966097116470337
1,48,1.9643347263336182
1,49,1.8148729801177979
1,50,1.744843602180481
1,51,1.6949788331985474
1,52,1.5548354387283325
1,53,1.531800627708435
1,54,1.368234634399414
1,55,1.3001388311386108
1,56,1.1637694835662842
1,57,1.0956504344940186
1,58,1.0654264688491821
1,59,0.9587341547012329
1,60,0.8374127149581909
1,61,0.8297665119171143
1,62,0.758503258228302
1,63,0.7648943662643433
1,64,0.6084346175193787
1,65,0.583269476890564
1,66,0.6583117842674255
1,67,0.5483258962631226
1,68,0.5161985754966736
1,69,0.44229036569595337
1,70,0.46219727396965027
1,71,0.4077567756175995
1,72,0.3950517177581787
1,73,0.36971473693847656
1,74,0.4706117808818817
1,75,0.4433757960796356
1,76,0.349060595035553
1,77,0.28760531544685364
1,78,0.34055382013320923
1,79,0.37072503566741943
1,80,0.34812894463539124
1,81,0.28809913992881775
1,82,0.46701857447624207
1,83,0.3458501398563385
1,84,0.323526531457901
1,85,0.354457288980484
1,86,0.2666985094547272
1,87,0.30002573132514954
1,88,0.27375173568725586
1,89,0.29230445623397827
1,90,0.26174062490463257
1,91,0.28765904903411865
1,92,0.23208963871002197
1,93,0.2780734896659851
1,94,0.2775796949863434
1,95,0.3351875841617584
1,96,0.18663011491298676
1,97,0.30941975116729736
1,98,0.25384321808815
1,99,0.3084724545478821
1,100,0.2507041096687317
1,101,0.2721079885959625
1,102,0.18169239163398743
1,103,0.23216287791728973
1,104,0.224735289812088
1,105,0.2411431223154068
1,106,0.21949918568134308
1,107,0.21115992963314056
1,108,0.16289231181144714
1,109,0.1503518521785736
1,110,0.14263707399368286
1,111,0.1806514412164688
1,112,0.16742363572120667
1,113,0.2407645434141159
1,114,0.2793152630329132
1,115,0.21624018251895905
1,116,0.14962612092494965
1,117,0.2569669485092163
1,118,0.18144261837005615
1,119,0.16930122673511505
1,120,0.14445005357265472
1,121,0.27038121223449707
1,122,0.1004319116473198
1,123,0.19241544604301453
1,124,0.2240944802761078
1,125,0.16105243563652039
1,126,0.15293923020362854
1,127,0.13278141617774963
1,128,0.21898654103279114
1,129,0.2141491174697876
1,130,0.22308799624443054
1,131,0.22773006558418274
1,132,0.14317630231380463
1,133,0.13156554102897644
1,134,0.1407107561826706
1,135,0.25133347511291504
1,136,0.16768747568130493
1,137,0.19160854816436768
1,138,0.16802161931991577
1,139,0.20170734822750092
1,140,0.13185538351535797
1,141,0.16784939169883728
1,142,0.15145543217658997
1,143,0.13896314799785614
1,144,0.11893518269062042
1,145,0.2352478802204132
1,146,0.14059396088123322
1,147,0.181734099984169
1,148,0.16999052464962006
1,149,0.17129908502101898
1,150,0.18255874514579773
1,151,0.11338330060243607
1,152,0.16943305730819702
1,153,0.23775295913219452
1,154,0.10354737937450409
1,155,0.1657295972108841
1,156,0.11322115361690521
1,157,0.19689489901065826
1,158,0.287349671125412
1,159,0.16584967076778412
1,160,0.12626910209655762
1,161,0.07942118495702744
1,162,0.1366124153137207
1,163,0.13020364940166473
1,164,0.1379968225955963
1,165,0.08573087304830551
1,166,0.1811901479959488
1,167,0.0977848470211029
1,168,0.20604513585567474
1,169,0.13914889097213745
1,170,0.08961181342601776
1,171,0.08928533643484116
1,172,0.1374964714050293
1,173,0.13250645995140076
1,174,0.1203753650188446
1,175,0.17169351875782013
1,176,0.13437169790267944
1,177,0.16649982333183289
1,178,0.12970294058322906
1,179,0.10874009877443314
1,180,0.16864240169525146
1,181,0.19891788065433502
1,182,0.10160984098911285
1,183,0.10818839073181152
1,184,0.18573805689811707
1,185,0.1555922031402588
1,186,0.16307534277439117
1,187,0.15953941643238068
1,188,0.11240768432617188
1,189,0.2528904676437378
1,190,0.09804902225732803
1,191,0.12720541656017303
1,192,0.19001735746860504
1,193,0.09218033403158188
1,194,0.10507859289646149
1,195,0.11804937571287155
1,196,0.11502432823181152
1,197,0.11351986229419708
1,198,0.12511688470840454
1,199,0.09854231029748917
1,200,0.11028249561786652
1,201,0.11944984644651413
1,202,0.1079450398683548
1,203,0.0818280577659607
1,204,0.09994292259216309
1,205,0.07668042182922363
1,206,0.08724284172058105
1,207,0.08175066113471985
1,208,0.11011013388633728
1,209,0.05733373016119003
1,210,0.10317187756299973
1,211,0.07459545880556107
1,212,0.07035449892282486
1,213,0.07533469796180725
1,214,0.08490007370710373
1,215,0.07819219678640366
1,216,0.08484867215156555
1,217,0.07698176801204681
1,218,0.06051957979798317
1,219,0.093842513859272
1,220,0.0721064954996109
1,221,0.05436117947101593
1,222,0.07123462855815887
1,223,0.06101425364613533
1,224,0.0712612196803093
1,225,0.06992330402135849
1,226,0.044189807027578354
1,227,0.052031923085451126
1,228,0.06573611497879028
1,229,0.07952269166707993
1,230,0.05532901734113693
1,231,0.055869877338409424
1,232,0.03618723899126053
1,233,0.05832245945930481
1,234,0.09850938618183136
1,235,0.07084151357412338
1,236,0.054742999374866486
1,237,0.049430862069129944
1,238,0.04589683189988136
1,239,0.1069197729229927
1,240,0.041294071823358536
1,241,0.05605020746588707
1,242,0.05233362689614296
1,243,0.043875206261873245
1,244,0.04453813284635544
1,245,0.05394582077860832
1,246,0.08043614774942398
1,247,0.06172582507133484
1,248,0.03745564818382263
1,249,0.06668389588594437
1,250,0.03068448416888714
1,251,0.04580037668347359
1,252,0.030897416174411774
1,253,0.04637465626001358
1,254,0.060618169605731964
1,255,0.03432270884513855
1,256,0.054976873099803925
1,257,0.03870942071080208
1,258,0.034523967653512955
1,259,0.03860127180814743
1,260,0.04113801568746567
1,261,0.038170140236616135
1,262,0.03057265095412731
1,263,0.05435837060213089
1,264,0.025270311161875725
1,265,0.03062566928565502
1,266,0.11548221856355667
1,267,0.044865477830171585
1,268,0.05096974968910217
1,269,0.049372587352991104
1,270,0.0262682493776083
1,271,0.0388747900724411
1,272,0.039314839988946915
1,273,0.07212775945663452
1,274,0.04893020540475845
1,275,0.051159702241420746
1,276,0.03790047764778137
1,277,0.028572581708431244
1,278,0.037265848368406296
1,279,0.05177491158246994
1,280,0.03275252878665924
1,281,0.05445896461606026
1,282,0.04624796286225319
1,283,0.05030817911028862
1,284,0.05558918043971062
1,285,0.03900563344359398
1,286,0.04473414272069931
1,287,0.051848433911800385
1,288,0.06659495830535889
1,289,0.03521573171019554
1,290,0.04084335267543793
1,291,0.056741707026958466
1,292,0.05778088420629501
1,293,0.03537531942129135
1,294,0.109612837433815
1,295,0.03926713392138481
1,296,0.0306047722697258
1,297,0.07135427743196487
1,298,0.0394919216632843
1,299,0.034250952303409576
2,300,0.05569116771221161
2,301,0.09581685811281204
2,302,0.036211755126714706
2,303,0.042222484946250916
2,304,0.04767150059342384
2,305,0.03095105104148388
2,306,0.050208013504743576
2,307,0.05589480698108673
2,308,0.041613511741161346
2,309,0.02801508828997612
2,310,0.03730302304029465
2,311,0.02024150639772415
2,312,0.031072743237018585
2,313,0.04049292951822281
2,314,0.026561861857771873
2,315,0.02344237081706524
2,316,0.021637868136167526
2,317,0.04318128153681755
2,318,0.024173244833946228
2,319,0.03236805275082588
2,320,0.03356234356760979
2,321,0.05373237654566765
2,322,0.042084865272045135
2,323,0.058037348091602325
2,324,0.04479314759373665
2,325,0.03303828462958336
2,326,0.029936950653791428
2,327,0.02176455408334732
2,328,0.036149971187114716
2,329,0.04786336421966553
2,330,0.048344746232032776
2,331,0.013635124079883099
2,332,0.01429428718984127
2,333,0.04074839502573013
2,334,0.020624499768018723
2,335,0.017708396539092064
2,336,0.025557035580277443
2,337,0.03759189695119858
2,338,0.02473616600036621
2,339,0.03356524184346199
2,340,0.027138642966747284
2,341,0.018207361921668053
2,342,0.017586950212717056
2,343,0.019559010863304138
2,344,0.027120346203446388
2,345,0.04011676087975502
2,346,0.018420249223709106
2,347,0.014851154759526253
2,348,0.03731772303581238
2,349,0.030323434621095657
2,350,0.012703802436590195
2,351,0.015901828184723854
2,352,0.026589184999465942
2,353,0.012810932472348213
2,354,0.02061566710472107
2,355,0.010556202381849289
2,356,0.007827997207641602
2,357,0.04132598638534546
2,358,0.020433511584997177
2,359,0.01731964200735092
2,360,0.04500769078731537
2,361,0.021643750369548798
2,362,0.03217804431915283
2,363,0.017727043479681015
2,364,0.020241903141140938
2,365,0.04886121302843094
2,366,0.01578742451965809
2,367,0.04682346060872078
2,368,0.0327397845685482
2,369,0.034321170300245285
2,370,0.021828731521964073
2,371,0.024813875555992126
2,372,0.02062276192009449
2,373,0.033133164048194885
2,374,0.028361592441797256
2,375,0.010580455884337425
2,376,0.007223512977361679
2,377,0.017764804884791374
2,378,0.020264336839318275
2,379,0.0505581870675087
2,380,0.01914665475487709
2,381,0.04325544089078903
2,382,0.029417339712381363
2,383,0.028311939910054207
2,384,0.03133322671055794
2,385,0.017184622585773468
2,386,0.020970357581973076
2,387,0.01200611237436533
2,388,0.028601234778761864
2,389,0.026142267510294914
2,390,0.026186708360910416
2,391,0.02671194076538086
2,392,0.030981453135609627
2,393,0.026443548500537872
2,394,0.05435700714588165
2,395,0.008763695135712624
2,396,0.027336467057466507
2,397,0.013132759369909763
2,398,0.05574705824255943
2,399,0.024115120992064476
2,400,0.02686775103211403
2,401,0.013787467032670975
2,402,0.05309756100177765
2,403,0.020015332847833633
2,404,0.05498935654759407
2,405,0.014891006983816624
2,406,0.02972494438290596
2,407,0.012755993753671646
2,408,0.014606470242142677
2,409,0.006673828698694706
2,410,0.03415105119347572
2,411,0.02648036926984787
2,412,0.05841068550944328
2,413,0.02833857201039791
2,414,0.016510531306266785
2,415,0.013595113530755043
2,416,0.03688257932662964
2,417,0.014998630620539188
2,418,0.022315973415970802
2,419,0.03801937773823738
2,420,0.04321853816509247
2,421,0.011615939438343048
2,422,0.02225136198103428
2,423,0.031046051532030106
2,424,0.03590167313814163
2,425,0.01623869687318802
2,426,0.02396509423851967
2,427,0.029176674783229828
2,428,0.06878368556499481
2,429,0.02705090120434761
2,430,0.06910742819309235
2,431,0.02136327140033245
2,432,0.009355070069432259
2,433,0.021770110353827477
2,434,0.017148083075881004
2,435,0.014914228580892086
2,436,0.014477354474365711
2,437,0.025840913876891136
2,438,0.01782175898551941
2,439,0.010440787300467491
2,440,0.02734502963721752
2,441,0.01843942515552044
2,442,0.0156972985714674
2,443,0.013074081391096115
2,444,0.05536036193370819
2,445,0.024239329621195793
2,446,0.011717339977622032
2,447,0.01721302606165409
2,448,0.01237849798053503
2,449,0.021982967853546143
2,450,0.020787585526704788
2,451,0.03022318333387375
2,452,0.052114371210336685
2,453,0.0124588031321764
2,454,0.029886217787861824
2,455,0.034938592463731766
2,456,0.0312587209045887
2,457,0.03893887624144554
2,458,0.04078288376331329
2,459,0.017532166093587875
2,460,0.007973162457346916
2,461,0.009615074843168259
2,462,0.021076727658510208
2,463,0.012486758641898632
2,464,0.007768239825963974
2,465,0.02520700916647911
2,466,0.017227668315172195
2,467,0.01602225936949253
2,468,0.013255484402179718
2,469,0.014480224810540676
2,470,0.00853514764457941
2,471,0.009428555145859718
2,472,0.02162809483706951
2,473,0.010035929270088673
2,474,0.03961984068155289
2,475,0.018638554960489273
2,476,0.030143268406391144
2,477,0.016153326258063316
2,478,0.015406981110572815
2,479,0.02550528198480606
2,480,0.0184087585657835
2,481,0.011641320772469044
2,482,0.01314623188227415
2,483,0.05431235954165459
2,484,0.021865325048565865
2,485,0.013766858726739883
2,486,0.02870751917362213
2,487,0.02200363576412201
2,488,0.0315999910235405
2,489,0.013897056691348553
2,490,0.008916188962757587
2,491,0.05492605268955231
2,492,0.01579062081873417
2,493,0.013926109299063683
2,494,0.019228195771574974
2,495,0.02515394426882267
2,496,0.007373536936938763
2,497,0.025864170864224434
2,498,0.012227772735059261
2,499,0.01641516014933586
2,500,0.01982901617884636
2,501,0.028805023059248924
2,502,0.016436077654361725
2,503,0.017672864720225334
2,504,0.017709800973534584
2,505,0.017544683068990707
2,506,0.011239562183618546
2,507,0.04434531182050705
2,508,0.007781737484037876
2,509,0.040834635496139526
2,510,0.009144676849246025
2,511,0.015135047025978565
2,512,0.018846478313207626
2,513,0.011270695365965366
2,514,0.026225479319691658
2,515,0.018579578027129173
2,516,0.010967284440994263
2,517,0.010457235388457775
2,518,0.0289947260171175
2,519,0.026550978422164917
2,520,0.010704265907406807
2,521,0.00821752566844225
2,522,0.01971118524670601
2,523,0.023485243320465088
2,524,0.017628444358706474
2,525,0.005893212277442217
2,526,0.012482736259698868
2,527,0.01401248387992382
2,528,0.03433466702699661
2,529,0.016603732481598854
2,530,0.01131481397897005
2,531,0.00946720875799656
2,532,0.011794539168477058
2,533,0.04779977351427078
2,534,0.019193489104509354
2,535,0.01451905071735382
2,536,0.005655709654092789
2,537,0.014049158431589603
2,538,0.042609404772520065
2,539,0.016252771019935608
2,540,0.01745917834341526
2,541,0.013847487047314644
2,542,0.011983392760157585
2,543,0.01575521193444729
2,544,0.052039917558431625
2,545,0.03374985605478287
2,546,0.029936622828245163
2,547,0.008303789421916008
2,548,0.014744031243026257
2,549,0.009692174382507801
2,550,0.010029337368905544
2,551,0.006483010016381741
2,552,0.011473882012069225
2,553,0.015064946375787258
2,554,0.00766747584566474
2,555,0.02596563845872879
2,556,0.010598530992865562
2,557,0.007059524301439524
2,558,0.018269797787070274
2,559,0.007729809265583754
2,560,0.014823351986706257
2,561,0.010101589374244213
2,562,0.02609165385365486
2,563,0.010810616426169872
2,564,0.007516101468354464
2,565,0.02603631094098091
2,566,0.010103827342391014
2,567,0.02191815711557865
2,568,0.01972275786101818
2,569,0.007019862532615662
2,570,0.009045381098985672
2,571,0.018179453909397125
2,572,0.01543243508785963
2,573,0.021816696971654892
2,574,0.02421528473496437
2,575,0.031179994344711304
2,576,0.006178268697112799
2,577,0.012588788755238056
2,578,0.013449061661958694
2,579,0.018258698284626007
2,580,0.012311221100389957
2,581,0.022473018616437912
2,582,0.018347984179854393
2,583,0.01756884530186653
2,584,0.012759516015648842
2,585,0.013866630382835865
2,586,0.02775375172495842
2,587,0.02215404435992241
2,588,0.00791984610259533
2,589,0.017728937789797783
2,590,0.008480861783027649
2,591,0.022992931306362152
2,592,0.00978122465312481
2,593,0.05583891272544861
2,594,0.012735554948449135
2,595,0.008790645748376846
2,596,0.04503200948238373
2,597,0.020241905003786087
2,598,0.00808881875127554
3,599,0.015152832493185997
3,600,0.022053441032767296
3,601,0.019351547583937645
3,602,0.012921244837343693
3,603,0.01726636476814747
3,604,0.009548530913889408
3,605,0.01672755740582943
3,606,0.01948722079396248
3,607,0.012949318625032902
3,608,0.00910180900245905
3,609,0.012394492514431477
3,610,0.008546643890440464
3,611,0.008516784757375717
3,612,0.020818857476115227
3,613,0.0075380839407444
3,614,0.014501029625535011
3,615,0.010085729882121086
3,616,0.004431592766195536
3,617,0.009617984294891357
3,618,0.005048173479735851
3,619,0.011481543071568012
3,620,0.0320720300078392
3,621,0.019733376801013947
3,622,0.011058395728468895
3,623,0.014270664192736149
3,624,0.02364608645439148
3,625,0.009914010763168335
3,626,0.011394697241485119
3,627,0.036845941096544266
3,628,0.026019679382443428
3,629,0.03943782299757004
3,630,0.005323763471096754
3,631,0.004342367872595787
3,632,0.027472639456391335
3,633,0.005180099047720432
3,634,0.0054739792831242085
3,635,0.024350309744477272
3,636,0.0154896704480052
3,637,0.019237341359257698
3,638,0.02631591446697712
3,639,0.01690215989947319
3,640,0.005695971194654703
3,641,0.011631807312369347
3,642,0.009759903885424137
3,643,0.018799301236867905
3,644,0.006867193151265383
3,645,0.005098132882267237
3,646,0.01032764557749033
3,647,0.018611092120409012
3,648,0.008677794598042965
3,649,0.011292675510048866
3,650,0.005889585707336664
3,651,0.020827949047088623
3,652,0.006374480668455362
3,653,0.007242902647703886
3,654,0.0036655005533248186
3,655,0.0033530646469444036
3,656,0.03326568007469177
3,657,0.0143125019967556
3,658,0.013218802399933338
3,659,0.020604632794857025
3,660,0.0048791090957820415
3,661,0.016039690002799034
3,662,0.006110373418778181
3,663,0.01894482411444187
3,664,0.012161284685134888
3,665,0.0071562714874744415
3,666,0.014179089106619358
3,667,0.018756700679659843
3,668,0.012141644023358822
3,669,0.008773410692811012
3,670,0.015746887773275375
3,671,0.010347160510718822
3,672,0.02887425757944584
3,673,0.014756850898265839
3,674,0.004167618695646524
3,675,0.004482695832848549
3,676,0.014253106899559498
3,677,0.00841581542044878
3,678,0.010235443711280823
3,679,0.01386391930282116
3,680,0.02584032714366913
3,681,0.013776357285678387
3,682,0.014083311893045902
3,683,0.007607579696923494
3,684,0.012444032356142998
3,685,0.022467706352472305
3,686,0.00740947388112545
3,687,0.01812138594686985
3,688,0.012341588735580444
3,689,0.01968003436923027
3,690,0.01857558824121952
3,691,0.010975024662911892
3,692,0.017607994377613068
3,693,0.027564935386180878
3,694,0.004561174660921097
3,695,0.019754281267523766
3,696,0.004913518205285072
3,697,0.04250885918736458
3,698,0.005100958049297333
3,699,0.01797092892229557
3,700,0.006042223423719406
3,701,0.01730109564960003
3,702,0.009118241257965565
3,703,0.02946208231151104
3,704,0.006197911687195301
3,705,0.01317011658102274
3,706,0.00479694502428174
3,707,0.014260686933994293
3,708,0.003558398922905326
3,709,0.01689912937581539
3,710,0.02089778520166874
3,711,0.022795697674155235
3,712,0.010702922940254211
3,713,0.007043204735964537
3,714,0.00977589562535286
3,715,0.017533639445900917
3,716,0.016431469470262527
3,717,0.00457265367731452
3,718,0.01893717050552368
3,719,0.04663112759590149
3,720,0.0037177379708737135
3,721,0.009998447261750698
3,722,0.026435161009430885
3,723,0.02462187223136425
3,724,0.013261993415653706
3,725,0.01844073086977005
3,726,0.01406119205057621
3,727,0.040702641010284424
3,728,0.01502969954162836
3,729,0.013224446214735508
3,730,0.016380110755562782
3,731,0.008160978555679321
3,732,0.011200131848454475
3,733,0.009793783538043499
3,734,0.009734085761010647
3,735,0.013642008416354656
3,736,0.015595778822898865
3,737,0.007327374070882797
3,738,0.006223409902304411
3,739,0.015121594071388245
3,740,0.017132267355918884
3,741,0.009191472083330154
3,742,0.0064360350370407104
3,743,0.008454904891550541
3,744,0.018987633287906647
3,745,0.005963873118162155
3,746,0.010430148802697659
3,747,0.004576996900141239
3,748,0.014389283955097198
3,749,0.01827596127986908
3,750,0.0149227911606431
3,751,0.02278488501906395
3,752,0.01060511264950037
3,753,0.02099204622209072
3,754,0.019061841070652008
3,755,0.02053005062043667
3,756,0.02272968366742134
3,757,0.021483680233359337
3,758,0.007307958323508501
3,759,0.004125864244997501
3,760,0.009554734453558922
3,761,0.020316163077950478
3,762,0.005098688416182995
3,763,0.0032720621675252914
3,764,0.014336022548377514
3,765,0.010244166478514671
3,766,0.009296049363911152
3,767,0.012139811180531979
3,768,0.00401020934805274
3,769,0.005920799914747477
3,770,0.00545340683311224
3,771,0.010095193050801754
3,772,0.008140011690557003
3,773,0.016888044774532318
3,774,0.018971532583236694
3,775,0.013859736733138561
3,776,0.0068179527297616005
3,777,0.0164190661162138
3,778,0.013843958266079426
3,779,0.033098962157964706
3,780,0.0047468338161706924
3,781,0.004256879910826683
3,782,0.021700462326407433
3,783,0.022189075127243996
3,784,0.021898798644542694
3,785,0.0498538613319397
3,786,0.01725534163415432
3,787,0.06575058400630951
3,788,0.005661580711603165
3,789,0.007477753330022097
3,790,0.044931408017873764
3,791,0.011029427871108055
3,792,0.0109937759116292
3,793,0.014987191185355186
3,794,0.029880104586482048
3,795,0.025561990216374397
3,796,0.04946034401655197
3,797,0.00889465119689703
3,798,0.015815608203411102
3,799,0.00868968851864338
3,800,0.022898664698004723
3,801,0.007325997110456228
3,802,0.008682849816977978
3,803,0.011933518573641777
3,804,0.01164709310978651
3,805,0.005567716900259256
3,806,0.034191638231277466
3,807,0.007453187834471464
3,808,0.03912525251507759
3,809,0.008015580475330353
3,810,0.015036814846098423
3,811,0.01251604501157999
3,812,0.011297659017145634
3,813,0.010881536640226841
3,814,0.011917096562683582
3,815,0.008471978828310966
3,816,0.013556736521422863
3,817,0.02379816398024559
3,818,0.016236819326877594
3,819,0.015026722103357315
3,820,0.004392219707369804
3,821,0.023638170212507248
3,822,0.012562721036374569
3,823,0.00686047924682498
3,824,0.003904899815097451
3,825,0.01057963166385889
3,826,0.00963803194463253
3,827,0.013861275278031826
3,828,0.011960732750594616
3,829,0.015643399208784103
3,830,0.003699437016621232
3,831,0.006770222447812557
3,832,0.018208574503660202
3,833,0.019198356196284294
3,834,0.012559503316879272
3,835,0.003863260382786393
3,836,0.010745414532721043
3,837,0.018600190058350563
3,838,0.007171364966779947
3,839,0.020530620589852333
3,840,0.005112889222800732
3,841,0.006378123536705971
3,842,0.013387990184128284
3,843,0.04419122636318207
3,844,0.02432933822274208
3,845,0.005551226437091827
3,846,0.004169423133134842
3,847,0.013312418945133686
3,848,0.006047842558473349
3,849,0.005530200432986021
3,850,0.007930316030979156
3,851,0.009070280008018017
3,852,0.008894060738384724
3,853,0.005072848405689001
3,854,0.02634425088763237
3,855,0.008391172625124454
3,856,0.0035601602867245674
3,857,0.013514789752662182
3,858,0.004129031207412481
3,859,0.007176834158599377
3,860,0.007022317033261061
3,861,0.01819637045264244
3,862,0.01138739287853241
3,863,0.005318241193890572
3,864,0.015731610357761383
3,865,0.0064969127997756
3,866,0.005376453045755625
3,867,0.011591051705181599
3,868,0.004183392971754074
3,869,0.004864050075411797
3,870,0.012014508247375488
3,871,0.014801218174397945
3,872,0.013394249603152275
3,873,0.01503794640302658
3,874,0.0209699347615242
3,875,0.004631325602531433
3,876,0.016081633046269417
3,877,0.009877978824079037
3,878,0.012857337482273579
3,879,0.007616723421961069
3,880,0.01460985280573368
3,881,0.013522820547223091
3,882,0.01726716011762619
3,883,0.0059350463561713696
3,884,0.003635027213022113
3,885,0.018273554742336273
3,886,0.0166605394333601
3,887,0.00478141475468874
3,888,0.006442213896661997
3,889,0.005602241959422827
3,890,0.015020117163658142
3,891,0.003921649418771267
3,892,0.053854264318943024
3,893,0.013342809863388538
3,894,0.005497695878148079
3,895,0.021466411650180817
3,896,0.01326669566333294
3,897,0.0037889236118644476
4,898,0.009730883873999119
4,899,0.017875906080007553
4,900,0.015139983966946602
4,901,0.010216325521469116
4,902,0.01914377696812153
4,903,0.006655242294073105
4,904,0.010553980246186256
4,905,0.009174229577183723
4,906,0.00982029177248478
4,907,0.0038548798765987158
4,908,0.009181243367493153
4,909,0.0050581940449774265
4,910,0.005285794381052256
4,911,0.01243763417005539
4,912,0.0036139164585620165
4,913,0.007202987093478441
4,914,0.003382014576345682
4,915,0.004549794364720583
4,916,0.008836186490952969
4,917,0.011908876709640026
4,918,0.007012700196355581
4,919,0.011021147482097149
4,920,0.007885763421654701
4,921,0.0054168966598808765
4,922,0.009188846684992313
4,923,0.024499930441379547
4,924,0.0064191753044724464
4,925,0.007619933225214481
4,926,0.026392703875899315
4,927,0.01179240457713604
4,928,0.035499971359968185
4,929,0.0027016291860491037
4,930,0.002992884488776326
4,931,0.021800778806209564
4,932,0.004230775870382786
4,933,0.003457744373008609
4,934,0.014565324410796165
4,935,0.011079159565269947
4,936,0.009753098711371422
4,937,0.023625440895557404
4,938,0.010468961670994759
4,939,0.005033074412494898
4,940,0.012015003710985184
4,941,0.012010165490210056
4,942,0.0109226880595088
4,943,0.005353966262191534
4,944,0.0034251008182764053
4,945,0.005128445103764534
4,946,0.0178188718855381
4,947,0.0036084591411054134
4,948,0.004054073244333267
4,949,0.003983118571341038
4,950,0.015518132597208023
4,951,0.005202070344239473
4,952,0.0038768257945775986
4,953,0.002636185148730874
4,954,0.0030097707640379667
4,955,0.03049824945628643
4,956,0.011247838847339153
4,957,0.005002774763852358
4,958,0.013269847258925438
4,959,0.0047608413733541965
4,960,0.005201025865972042
4,961,0.0055948710069060326
4,962,0.006297281477600336
4,963,0.007012451998889446
4,964,0.00448406208306551
4,965,0.014038287103176117
4,966,0.011161275207996368
4,967,0.004235772881656885
4,968,0.007964477874338627
4,969,0.011861543171107769
4,970,0.008632827550172806
4,971,0.021553589031100273
4,972,0.019732793793082237
4,973,0.003143289126455784
4,974,0.00522200670093298
4,975,0.0037693711929023266
4,976,0.006237118970602751
4,977,0.012315616942942142
4,978,0.007931787520647049
4,979,0.023938357830047607
4,980,0.009397991932928562
4,981,0.019621198996901512
4,982,0.004998048767447472
4,983,0.006137355696409941
4,984,0.007360563147813082
4,985,0.005512790754437447
4,986,0.013813052326440811
4,987,0.0060036503709852695
4,988,0.02000882476568222
4,989,0.012825368903577328
4,990,0.008448109030723572
4,991,0.009797317907214165
4,992,0.014969252049922943
4,993,0.006329235155135393
4,994,0.012379451654851437
4,995,0.003335852175951004
4,996,0.04187870770692825
4,997,0.0036654516588896513
4,998,0.011143751442432404
4,999,0.004324246663600206
4,1000,0.010580546222627163
4,1001,0.0040501076728105545
4,1002,0.012652833946049213
4,1003,0.006307572592049837
4,1004,0.011530798859894276
4,1005,0.0026695779524743557
4,1006,0.007736294064670801
4,1007,0.0026317257434129715
4,1008,0.01354745402932167
4,1009,0.020327934995293617
4,1010,0.013820851221680641
4,1011,0.007004737854003906
4,1012,0.007552798371762037
4,1013,0.005439828149974346
4,1014,0.02884276956319809
4,1015,0.003112644888460636
4,1016,0.007477975450456142
4,1017,0.02221158891916275
4,1018,0.0359724685549736
4,1019,0.0023337837774306536
4,1020,0.006434482056647539
4,1021,0.016963426023721695
4,1022,0.004765968769788742
4,1023,0.010332093574106693
4,1024,0.019511772319674492
4,1025,0.010389099828898907
4,1026,0.015831079334020615
4,1027,0.009933878667652607
4,1028,0.007575503550469875
4,1029,0.012639356777071953
4,1030,0.005112710874527693
4,1031,0.010594814084470272
4,1032,0.006447587627917528
4,1033,0.006452212575823069
4,1034,0.010708464309573174
4,1035,0.01600077748298645
4,1036,0.010265156626701355
4,1037,0.004014148842543364
4,1038,0.00757679482921958
4,1039,0.01261751726269722
4,1040,0.010088726878166199
4,1041,0.0026415386237204075
4,1042,0.007854779250919819
4,1043,0.026407254859805107
4,1044,0.004151313565671444
4,1045,0.013329393230378628
4,1046,0.003665520343929529
4,1047,0.010147512890398502
4,1048,0.012545050121843815
4,1049,0.008237024769186974
4,1050,0.018125293776392937
4,1051,0.006351358722895384
4,1052,0.016261890530586243
4,1053,0.004279929678887129
4,1054,0.015272814780473709
4,1055,0.009671514853835106
4,1056,0.018484609201550484
4,1057,0.0035563320852816105
4,1058,0.002392887370660901
4,1059,0.0027704485692083836
4,1060,0.013309504836797714
4,1061,0.003194840857759118
4,1062,0.0024552163667976856
4,1063,0.004683484323322773
4,1064,0.009073158726096153
4,1065,0.005496166180819273
4,1066,0.004658597521483898
4,1067,0.004322372376918793
4,1068,0.0041131447069346905
4,1069,0.003916972782462835
4,1070,0.010391018353402615
4,1071,0.006942610256373882
4,1072,0.007523408159613609
4,1073,0.009463874623179436
4,1074,0.009244314394891262
4,1075,0.0046431273221969604
4,1076,0.006335862446576357
4,1077,0.01846270076930523
4,1078,0.008912799879908562
4,1079,0.004132066387683153
4,1080,0.002372982446104288
4,1081,0.03323669359087944
4,1082,0.027574695646762848
4,1083,0.007346034981310368
4,1084,0.0038022210355848074
4,1085,0.01164129376411438
4,1086,0.01949065364897251
4,1087,0.009111354127526283
4,1088,0.00991078745573759
4,1089,0.028690090402960777
4,1090,0.006302178837358952
4,1091,0.021461378782987595
4,1092,0.011237774044275284
4,1093,0.0123301325365901
4,1094,0.003402190748602152
4,1095,0.009666910395026207
4,1096,0.009494643658399582
4,1097,0.01329980231821537
4,1098,0.00710197864100337
4,1099,0.022371133789420128
4,1100,0.011022034101188183
4,1101,0.00347536476328969
4,1102,0.013522781431674957
4,1103,0.007426961790770292
4,1104,0.0036621924955397844
4,1105,0.014672954566776752
4,1106,0.003588238498196006
4,1107,0.0070884027518332005
4,1108,0.008666359819471836
4,1109,0.006426664534956217
4,1110,0.006809792015701532
4,1111,0.009409143589437008
4,1112,0.010830345563590527
4,1113,0.014276310801506042
4,1114,0.006947096437215805
4,1115,0.008891873992979527
4,1116,0.006739824544638395
4,1117,0.003378636669367552
4,1118,0.00389609532430768
4,1119,0.003340574214234948
4,1120,0.014770721085369587
4,1121,0.011557537131011486
4,1122,0.005149473436176777
4,1123,0.0026711842510849237
4,1124,0.0057691773399710655
4,1125,0.007574872579425573
4,1126,0.014800481498241425
4,1127,0.008062409237027168
4,1128,0.008664771914482117
4,1129,0.002836052095517516
4,1130,0.005589454434812069
4,1131,0.00912418868392706
4,1132,0.012458337470889091
4,1133,0.007020838093012571
4,1134,0.0029580455739051104
4,1135,0.005737473256886005
4,1136,0.014872102066874504
4,1137,0.0033407502342015505
4,1138,0.0050710877403616905
4,1139,0.004418958909809589
4,1140,0.003826756728813052
4,1141,0.011051486246287823
4,1142,0.037272825837135315
4,1143,0.020580319687724113
4,1144,0.00376316555775702
4,1145,0.0026420128997415304
4,1146,0.00535107497125864
4,1147,0.005185780581086874
4,1148,0.003995646722614765
4,1149,0.005821180995553732
4,1150,0.007052713539451361
4,1151,0.005555043928325176
4,1152,0.002642858074977994
4,1153,0.010423898696899414
4,1154,0.005023920442909002
4,1155,0.003222027560696006
4,1156,0.005796828307211399
4,1157,0.003044841578230262
4,1158,0.008006269112229347
4,1159,0.003223169595003128
4,1160,0.015745176002383232
4,1161,0.00647682836279273
4,1162,0.004911778494715691
4,1163,0.008660913445055485
4,1164,0.004945087246596813
4,1165,0.007672986481338739
4,1166,0.00839236006140709
4,1167,0.004286082927137613
4,1168,0.0032469502184540033
4,1169,0.007712338585406542
4,1170,0.008868283592164516
4,1171,0.011459577828645706
4,1172,0.015997264534235
4,1173,0.011261077597737312
4,1174,0.0030098590068519115
4,1175,0.005537929013371468
4,1176,0.008526531048119068
4,1177,0.008329926058650017
4,1178,0.005725405644625425
4,1179,0.008780059404671192
4,1180,0.01251250971108675
4,1181,0.007861814461648464
4,1182,0.005465534050017595
4,1183,0.002547310898080468
4,1184,0.006271034479141235
4,1185,0.006587861105799675
4,1186,0.0028264496941119432
4,1187,0.005385398864746094
4,1188,0.006008857861161232
4,1189,0.010995683260262012
4,1190,0.0033754869364202023
4,1191,0.05426890775561333
4,1192,0.004272144287824631
4,1193,0.003922401927411556
4,1194,0.02016100101172924
4,1195,0.013373436406254768
4,1196,0.003203341504558921
5,1197,0.0038941926322877407
5,1198,0.009657197631895542
5,1199,0.015728862956166267
5,1200,0.006804110482335091
5,1201,0.009339138865470886
5,1202,0.003562541678547859
5,1203,0.006893857382237911
5,1204,0.0076371789909899235
5,1205,0.006267528049647808
5,1206,0.0029964251443743706
5,1207,0.011208480224013329
5,1208,0.002333614509552717
5,1209,0.005691313184797764
5,1210,0.016008250415325165
5,1211,0.0025809064973145723
5,1212,0.007780950982123613
5,1213,0.0035849502310156822
5,1214,0.0024307426065206528
5,1215,0.00450099166482687
5,1216,0.00414082407951355
5,1217,0.012013162486255169
5,1218,0.008692486211657524
5,1219,0.01231338456273079
5,1220,0.0027095682453364134
5,1221,0.0071846116334199905
5,1222,0.01868700236082077
5,1223,0.006877604406327009
5,1224,0.007165208458900452
5,1225,0.017139697447419167
5,1226,0.012965807691216469
5,1227,0.03246019780635834
5,1228,0.002234469633549452
5,1229,0.0020730968099087477
5,1230,0.008682929910719395
5,1231,0.0037679187953472137
5,1232,0.015314312651753426
5,1233,0.01570320688188076
5,1234,0.0065491474233567715
5,1235,0.0064401752315461636
5,1236,0.01782614178955555
5,1237,0.005118114873766899
5,1238,0.004145575221627951
5,1239,0.010109847411513329
5,1240,0.006767291575670242
5,1241,0.006645909044891596
5,1242,0.004842753056436777
5,1243,0.004313627257943153
5,1244,0.002761458046734333
5,1245,0.01195067074149847
5,1246,0.004567665979266167
5,1247,0.0033410510513931513
5,1248,0.003024663310497999
5,1249,0.016644490882754326
5,1250,0.0028550541028380394
5,1251,0.0026354894507676363
5,1252,0.002113854046911001
5,1253,0.0021879542618989944
5,1254,0.0110328933224082
5,1255,0.005572895519435406
5,1256,0.004980763420462608
5,1257,0.009822302497923374
5,1258,0.004183429293334484
5,1259,0.009181882254779339
5,1260,0.0036172433756291866
5,1261,0.00560028338804841
5,1262,0.0052165077067911625
5,1263,0.0036579747684299946
5,1264,0.00609102426096797
5,1265,0.005986894480884075
5,1266,0.0027918440755456686
5,1267,0.003978675231337547
5,1268,0.011101113632321358
5,1269,0.003619101596996188
5,1270,0.011257699690759182
5,1271,0.0073594809509813786
5,1272,0.0024011905770748854
5,1273,0.0029364554211497307
5,1274,0.0029605315066874027
5,1275,0.006560259032994509
5,1276,0.005102470982819796
5,1277,0.008652825839817524
5,1278,0.007499843370169401
5,1279,0.007493065670132637
5,1280,0.016845062375068665
5,1281,0.005482073407620192
5,1282,0.005222078878432512
5,1283,0.008065694011747837
5,1284,0.0063315038569271564
5,1285,0.00404899287968874
5,1286,0.005537684541195631
5,1287,0.008659062907099724
5,1288,0.0032116055954247713
5,1289,0.007828907109797001
5,1290,0.004438700620085001
5,1291,0.010626565665006638
5,1292,0.002365689491853118
5,1293,0.01168830692768097
5,1294,0.00502407131716609
5,1295,0.04087889939546585
5,1296,0.0032386761158704758
5,1297,0.013000518083572388
5,1298,0.0022379495203495026
5,1299,0.0054553491063416
5,1300,0.007225950714200735
5,1301,0.011877264827489853
5,1302,0.003298308001831174
5,1303,0.01073114387691021
5,1304,0.0021927542984485626
5,1305,0.006979572586715221
5,1306,0.0020023519173264503
5,1307,0.004844403360038996
5,1308,0.020100025460124016
5,1309,0.011702229268848896
5,1310,0.004667113535106182
5,1311,0.0051262835040688515
5,1312,0.007073152344673872
5,1313,0.014847044833004475
5,1314,0.0020923044066876173
5,1315,0.0021046821493655443
5,1316,0.009430126287043095
5,1317,0.027858301997184753
5,1318,0.0017802419606596231
5,1319,0.0053925043903291225
5,1320,0.009348408319056034
5,1321,0.004275610204786062
5,1322,0.008576716296374798
5,1323,0.018670473247766495
5,1324,0.006487078499048948
5,1325,0.00665257778018713
5,1326,0.004196236375719309
5,1327,0.008233698084950447
5,1328,0.012227607890963554
5,1329,0.003809218527749181
5,1330,0.00835113599896431
5,1331,0.00473895575851202
5,1332,0.008346137590706348
5,1333,0.009688401594758034
5,1334,0.017865680158138275
5,1335,0.003757708938792348
5,1336,0.0034039344172924757
5,1337,0.0048498655669391155
5,1338,0.011765293776988983
5,1339,0.006662797648459673
5,1340,0.001980248373001814
5,1341,0.010205866768956184
5,1342,0.01696082390844822
5,1343,0.002845529932528734
5,1344,0.010302247479557991
5,1345,0.0024667682591825724
5,1346,0.0047301906161010265
5,1347,0.006779525429010391
5,1348,0.010478992946445942
5,1349,0.018298368901014328
5,1350,0.004392944276332855
5,1351,0.010716911405324936
5,1352,0.003610515734180808
5,1353,0.01277070865035057
5,1354,0.009604871273040771
5,1355,0.016550486907362938
5,1356,0.0025347471237182617
5,1357,0.0020021749660372734
5,1358,0.0024439278058707714
5,1359,0.01658518612384796
5,1360,0.0022407525684684515
5,1361,0.003995435778051615
5,1362,0.004298172425478697
5,1363,0.0072824349626898766
5,1364,0.0042873271740973
5,1365,0.005550708156079054
5,1366,0.006087788846343756
5,1367,0.002034731674939394
5,1368,0.004691810347139835
5,1369,0.003261582925915718
5,1370,0.006781484000384808
5,1371,0.007036208175122738
5,1372,0.008749638684093952
5,1373,0.01226209569722414
5,1374,0.0035028005950152874
5,1375,0.003668040269985795
5,1376,0.007634440436959267
5,1377,0.004292283207178116
5,1378,0.0033085301984101534
5,1379,0.002657824894413352
5,1380,0.021745603531599045
5,1381,0.0058872271329164505
5,1382,0.004333182238042355
5,1383,0.008463583886623383
5,1384,0.009612257592380047
5,1385,0.012284649536013603
5,1386,0.0029932470060884953
5,1387,0.003238529898226261
5,1388,0.022221557796001434
5,1389,0.0030001753475517035
5,1390,0.002649894217029214
5,1391,0.011271609924733639
5,1392,0.008127598091959953
5,1393,0.0032069997396320105
5,1394,0.003526836633682251
5,1395,0.010980207473039627
5,1396,0.0128467483446002
5,1397,0.0024876787792891264
5,1398,0.01114531047642231
5,1399,0.005474756471812725
5,1400,0.004098999314010143
5,1401,0.005668673198670149
5,1402,0.004068741109222174
5,1403,0.004333039280027151
5,1404,0.025270409882068634
5,1405,0.0032837216276675463
5,1406,0.00507973600178957
5,1407,0.0036531926598399878
5,1408,0.005561015568673611
5,1409,0.0036018271930515766
5,1410,0.005457690451294184
5,1411,0.010073395445942879
5,1412,0.007498500868678093
5,1413,0.004215521272271872
5,1414,0.002157446462661028
5,1415,0.0041557298973202705
5,1416,0.006674529053270817
5,1417,0.0022866108920425177
5,1418,0.0023877923376858234
5,1419,0.009890991263091564
5,1420,0.008428841829299927
5,1421,0.004203132353723049
5,1422,0.002861568471416831
5,1423,0.006749516818672419
5,1424,0.009591195732355118
5,1425,0.009604385122656822
5,1426,0.006006772629916668
5,1427,0.005831498187035322
5,1428,0.0032322388142347336
5,1429,0.0037184066604822874
5,1430,0.007936096750199795
5,1431,0.008888076059520245
5,1432,0.008419436402618885
5,1433,0.0026951313484460115
5,1434,0.006301806308329105
5,1435,0.011949954554438591
5,1436,0.0033726554829627275
5,1437,0.010960846208035946
5,1438,0.003072734223678708
5,1439,0.006863543298095465
5,1440,0.01349660474807024
5,1441,0.014131458476185799
5,1442,0.015966160222887993
5,1443,0.003362660761922598
5,1444,0.0028230957686901093
5,1445,0.0037533757276833057
5,1446,0.004143105819821358
5,1447,0.004025349393486977
5,1448,0.0019376263953745365
5,1449,0.007302310783416033
5,1450,0.009381638839840889
5,1451,0.0030600070022046566
5,1452,0.012657572515308857
5,1453,0.00458465376868844
5,1454,0.007200564257800579
5,1455,0.0031285788863897324
5,1456,0.002229142002761364
5,1457,0.007125031668692827
5,1458,0.002518200781196356
5,1459,0.01565595343708992
5,1460,0.0073058404959738255
5,1461,0.004038175102323294
5,1462,0.010390994139015675
5,1463,0.004336250480264425
5,1464,0.0023692622780799866
5,1465,0.0036451343912631273
5,1466,0.002110810484737158
5,1467,0.002159161726012826
5,1468,0.0036159749142825603
5,1469,0.007944284938275814
5,1470,0.005685074720531702
5,1471,0.00945446826517582
5,1472,0.004969061817973852
5,1473,0.004107647575438023
5,1474,0.007190949749201536
5,1475,0.0069815246388316154
5,1476,0.007946951314806938
5,1477,0.004835356026887894
5,1478,0.004531006328761578
5,1479,0.012530465610325336
5,1480,0.002519965637475252
5,1481,0.005306226667016745
5,1482,0.002843046560883522
5,1483,0.002086599124595523
5,1484,0.0064733331091701984
5,1485,0.0018831475172191858
5,1486,0.002568450989201665
5,1487,0.0027558011934161186
5,1488,0.007225126028060913
5,1489,0.0018240215722471476
5,1490,0.050861675292253494
5,1491,0.007944830693304539
5,1492,0.003512731986120343
5,1493,0.00971701368689537
5,1494,0.007791039999574423
5,1495,0.002103506587445736
6,1496,0.005950110964477062
6,1497,0.006358027923852205
6,1498,0.011052517220377922
6,1499,0.012541357427835464
6,1500,0.0053107235580682755
6,1501,0.0031147138215601444
6,1502,0.006058792117983103
6,1503,0.007626289967447519
6,1504,0.0065142251551151276
6,1505,0.002039617160335183
6,1506,0.006179733667522669
6,1507,0.0020904347766190767
6,1508,0.0040577733889222145
6,1509,0.012149352580308914
6,1510,0.0022416741121560335
6,1511,0.0070517403073608875
6,1512,0.0019613204058259726
6,1513,0.0020589216146618128
6,1514,0.0032985410653054714
6,1515,0.004204948898404837
6,1516,0.007375117391347885
6,1517,0.006047674920409918
6,1518,0.00707085058093071
6,1519,0.003581914585083723
6,1520,0.0060266959480941296
6,1521,0.013719846494495869
6,1522,0.007884920574724674
6,1523,0.005964322481304407
6,1524,0.015040937811136246
6,1525,0.013092405162751675
6,1526,0.028494350612163544
6,1527,0.0018572945846244693
6,1528,0.002248161006718874
6,1529,0.006647637579590082
6,1530,0.001819873577915132
6,1531,0.004449096508324146
6,1532,0.009115858934819698
6,1533,0.008036023005843163
6,1534,0.0066345431841909885
6,1535,0.015185141004621983
6,1536,0.003920809831470251
6,1537,0.0025311429053545
6,1538,0.00433234591037035
6,1539,0.005700527224689722
6,1540,0.002825509523972869
6,1541,0.003451501252129674
6,1542,0.0018214855808764696
6,1543,0.002541002817451954
6,1544,0.007289123255759478
6,1545,0.0019540542270988226
6,1546,0.0018547286745160818
6,1547,0.002405118430033326
6,1548,0.013691330328583717
6,1549,0.006173545960336924
6,1550,0.0019335094839334488
6,1551,0.0017491100588813424
6,1552,0.0015766305150464177
6,1553,0.002803341019898653
6,1554,0.005506779532879591
6,1555,0.0028774458914995193
6,1556,0.004115742165595293
6,1557,0.005510823335498571
6,1558,0.0028084018267691135
6,1559,0.00225818925537169
6,1560,0.004098273813724518
6,1561,0.0029507700819522142
6,1562,0.003491426818072796
6,1563,0.003597969189286232
6,1564,0.0021666402462869883
6,1565,0.003078713547438383
6,1566,0.003177687991410494
6,1567,0.012952509336173534
6,1568,0.003552934853360057
6,1569,0.010017813183367252
6,1570,0.0036497660912573338
6,1571,0.0020187462214380503
6,1572,0.0024967403151094913
6,1573,0.0030337409116327763
6,1574,0.004407559521496296
6,1575,0.00275806593708694
6,1576,0.002881333464756608
6,1577,0.008175848983228207
6,1578,0.004999775439500809
6,1579,0.007544372696429491
6,1580,0.002044533845037222
6,1581,0.004460080061107874
6,1582,0.0050178151577711105
6,1583,0.004235429223626852
6,1584,0.008193724788725376
6,1585,0.004415537696331739
6,1586,0.008303830400109291
6,1587,0.002995627699419856
6,1588,0.00445915712043643
6,1589,0.0031123447697609663
6,1590,0.009728687815368176
6,1591,0.001657854183577001
6,1592,0.013165540061891079
6,1593,0.002176022855564952
6,1594,0.03987034410238266
6,1595,0.0018555159913375974
6,1596,0.005725954193621874
6,1597,0.0017647466156631708
6,1598,0.006227482575923204
6,1599,0.00283508887514472
6,1600,0.008525917306542397
6,1601,0.0032324546482414007
6,1602,0.009995957836508751
6,1603,0.004645511507987976
6,1604,0.006927130743861198
6,1605,0.001636952394619584
6,1606,0.0030345905106514692
6,1607,0.01979500986635685
6,1608,0.004435244482010603
6,1609,0.004520731512457132
6,1610,0.00333757814951241
6,1611,0.004414992872625589
6,1612,0.01040836051106453
6,1613,0.0017348815454170108
6,1614,0.0017737762536853552
6,1615,0.011515420861542225
6,1616,0.02958519198000431
6,1617,0.0015365791041404009
6,1618,0.003174413926899433
6,1619,0.010525669902563095
6,1620,0.004621767904609442
6,1621,0.003874963615089655
6,1622,0.01749263145029545
6,1623,0.009501447901129723
6,1624,0.0035730621311813593
6,1625,0.004207263235002756
6,1626,0.004160160198807716
6,1627,0.009935581125319004
6,1628,0.002160625532269478
6,1629,0.00560421496629715
6,1630,0.0038643809966742992
6,1631,0.00368314515799284
6,1632,0.00301320175640285
6,1633,0.010737335309386253
6,1634,0.004456603433936834
6,1635,0.003609015606343746
6,1636,0.0031291081104427576
6,1637,0.010153574869036674
6,1638,0.00588918337598443
6,1639,0.0016136594349518418
6,1640,0.006503448821604252
6,1641,0.012938842177391052
6,1642,0.0023631707299500704
6,1643,0.006659012753516436
6,1644,0.002482155105099082
6,1645,0.0024984823539853096
6,1646,0.007453046273440123
6,1647,0.007094791624695063
6,1648,0.015533099882304668
6,1649,0.004146539140492678
6,1650,0.004236241802573204
6,1651,0.0023772004060447216
6,1652,0.01147824339568615
6,1653,0.006804196164011955
6,1654,0.01581585593521595
6,1655,0.0024400539696216583
6,1656,0.0017381553770974278
6,1657,0.0018389018950983882
6,1658,0.014772757887840271
6,1659,0.0019055590964853764
6,1660,0.001687446958385408
6,1661,0.0025092868600040674
6,1662,0.010146343149244785
6,1663,0.007353322114795446
6,1664,0.0042646341025829315
6,1665,0.003842501901090145
6,1666,0.0016822392353788018
6,1667,0.0018440836574882269
6,1668,0.004033834207803011
6,1669,0.006371057126671076
6,1670,0.005848683882504702
6,1671,0.008311476558446884
6,1672,0.00950701255351305
6,1673,0.0032343703787773848
6,1674,0.0046463231556117535
6,1675,0.00567588722333312
6,1676,0.0034999949857592583
6,1677,0.002085651271045208
6,1678,0.0018477746052667499
6,1679,0.003872902365401387
6,1680,0.004818159155547619
6,1681,0.005016096867620945
6,1682,0.0035045414697378874
6,1683,0.007937177084386349
6,1684,0.009052163921296597
6,1685,0.0034233632031828165
6,1686,0.0018768911249935627
6,1687,0.019797876477241516
6,1688,0.006038082297891378
6,1689,0.0016897475579753518
6,1690,0.008068584837019444
6,1691,0.007486788090318441
6,1692,0.0019606503192335367
6,1693,0.005700476001948118
6,1694,0.010547787882387638
6,1695,0.0151516767218709
6,1696,0.012400737963616848
6,1697,0.00963929295539856
6,1698,0.0036602537147700787
6,1699,0.0030707325786352158
6,1700,0.0057195136323571205
6,1701,0.0029769460670650005
6,1702,0.0018539344891905785
6,1703,0.005398391745984554
6,1704,0.001909145968966186
6,1705,0.0026422811206430197
6,1706,0.003273200476542115
6,1707,0.0021153604611754417
6,1708,0.004844672977924347
6,1709,0.004422541242092848
6,1710,0.006269685924053192
6,1711,0.00656281178817153
6,1712,0.0020013488829135895
6,1713,0.0017605629982426763
6,1714,0.0039643794298172
6,1715,0.0054246350191533566
6,1716,0.0016679357504472136
6,1717,0.0016841940814629197
6,1718,0.00544316740706563
6,1719,0.007060629781335592
6,1720,0.0031442015897482634
6,1721,0.0015474216779693961
6,1722,0.002498358953744173
6,1723,0.006691334769129753
6,1724,0.00239954493008554
6,1725,0.0020834999158978462
6,1726,0.007579992990940809
6,1727,0.002708673244342208
6,1728,0.009158196859061718
6,1729,0.00733190355822444
6,1730,0.002958869095891714
6,1731,0.002401717472821474
6,1732,0.0019861231558024883
6,1733,0.004383755847811699
6,1734,0.00826243869960308
6,1735,0.0026351697742938995
6,1736,0.001956596737727523
6,1737,0.002696174429729581
6,1738,0.0031654932536184788
6,1739,0.013349875807762146
6,1740,0.005927798803895712
6,1741,0.01153227686882019
6,1742,0.0055862716399133205
6,1743,0.0017350869020447135
6,1744,0.001886339858174324
6,1745,0.003777520265430212
6,1746,0.003665889147669077
6,1747,0.00241622026078403
6,1748,0.0028394372202455997
6,1749,0.005924921948462725
6,1750,0.001791487680748105
6,1751,0.009451992809772491
6,1752,0.0018739872612059116
6,1753,0.004728988744318485
6,1754,0.0017168091144412756
6,1755,0.0019961800426244736
6,1756,0.005637469235807657
6,1757,0.002124709077179432
6,1758,0.015482957474887371
6,1759,0.006873894017189741
6,1760,0.00385328964330256
6,1761,0.006111215800046921
6,1762,0.004866647068411112
6,1763,0.004072124138474464
6,1764,0.004117908421903849
6,1765,0.001566949300467968
6,1766,0.005306959617882967
6,1767,0.0047862534411251545
6,1768,0.00519236084073782
6,1769,0.002050409559160471
6,1770,0.004532323218882084
6,1771,0.0034977844916284084
6,1772,0.0015070779481902719
6,1773,0.0022887468803673983
6,1774,0.0061911349184811115
6,1775,0.005948368459939957
6,1776,0.004446161445230246
6,1777,0.00670018931850791
6,1778,0.007124955300241709
6,1779,0.0018081243615597486
6,1780,0.003350656945258379
6,1781,0.0015895364340394735
6,1782,0.0036859691608697176
6,1783,0.004000004380941391
6,1784,0.0015862395521253347
6,1785,0.0031852598767727613
6,1786,0.002735404996201396
6,1787,0.004933034535497427
6,1788,0.0014198527205735445
6,1789,0.045468974858522415
6,1790,0.0016958409687504172
6,1791,0.0017113510984927416
6,1792,0.017613155767321587
6,1793,0.006875540595501661
6,1794,0.0015898990677669644
7,1795,0.004813087172806263
7,1796,0.005144788883626461
7,1797,0.010116474702954292
7,1798,0.017654793336987495
7,1799,0.0041840774938464165
7,1800,0.0018896609544754028
7,1801,0.00666839350014925
7,1802,0.0034495238214731216
7,1803,0.004794893320649862
7,1804,0.029150590300559998
7,1805,0.0028435972053557634
7,1806,0.0016053178114816546
7,1807,0.0019052466377615929
7,1808,0.008237166330218315
7,1809,0.002032490912824869
7,1810,0.0066607738845050335
7,1811,0.0024713727179914713
7,1812,0.001986681018024683
7,1813,0.004932984244078398
7,1814,0.003077801549807191
7,1815,0.005160349886864424
7,1816,0.010706065222620964
7,1817,0.007256872486323118
7,1818,0.0021181984338909388
7,1819,0.005509533453732729
7,1820,0.0036977201234549284
7,1821,0.008701227605342865
7,1822,0.004320018459111452
7,1823,0.006778087001293898
7,1824,0.00502180028706789
7,1825,0.02402346208691597
7,1826,0.0016214278293773532
7,1827,0.003337562084197998
7,1828,0.0051274546422064304
7,1829,0.0020123510621488094
7,1830,0.002204856602475047
7,1831,0.004659025464206934
7,1832,0.004840076435357332
7,1833,0.00511753186583519
7,1834,0.009533687494695187
7,1835,0.004582864232361317
7,1836,0.002165627432987094
7,1837,0.009199605323374271
7,1838,0.0043273428454995155
7,1839,0.012162897735834122
7,1840,0.0031787629704922438
7,1841,0.0016823961632326245
7,1842,0.006224020384252071
7,1843,0.004882071167230606
7,1844,0.002288598334416747
7,1845,0.0015815962105989456
7,1846,0.002238151151686907
7,1847,0.011506550014019012
7,1848,0.002596719190478325
7,1849,0.009139652363955975
7,1850,0.0015487208729609847
7,1851,0.001546572777442634
7,1852,0.0031529103871434927
7,1853,0.006325257010757923
7,1854,0.0017608858179301023
7,1855,0.008120923303067684
7,1856,0.0036748892161995173
7,1857,0.005660944618284702
7,1858,0.0029690556693822145
7,1859,0.003610683372244239
7,1860,0.003690004115924239
7,1861,0.0025693972129374743
7,1862,0.003931618761271238
7,1863,0.0033710568677634
7,1864,0.003727703122422099
7,1865,0.0033380587119609118
7,1866,0.011525413952767849
7,1867,0.0024510265793651342
7,1868,0.007002814207226038
7,1869,0.006106177344918251
7,1870,0.0018397008534520864
7,1871,0.0013043435756117105
7,1872,0.0016134597826749086
7,1873,0.0040364391170442104
7,1874,0.005085340701043606
7,1875,0.0019352015806362033
7,1876,0.008742942474782467
7,1877,0.004602344706654549
7,1878,0.0018671693978831172
7,1879,0.002435161964967847
7,1880,0.0026031378656625748
7,1881,0.004729435779154301
7,1882,0.004922333639115095
7,1883,0.0026361551135778427
7,1884,0.0037447907961905003
7,1885,0.004413521848618984
7,1886,0.0020648695062845945
7,1887,0.0032613619696348906
7,1888,0.0030222181230783463
7,1889,0.008126040920615196
7,1890,0.0014579703565686941
7,1891,0.010525154881179333
7,1892,0.0025050798431038857
7,1893,0.03789324313402176
7,1894,0.0020774269942194223
7,1895,0.007769365794956684
7,1896,0.0016811683308333158
7,1897,0.005969321820884943
7,1898,0.004445535130798817
7,1899,0.004324241075664759
7,1900,0.002128224354237318
7,1901,0.01099329348653555
7,1902,0.0018840094562619925
7,1903,0.005634848959743977
7,1904,0.0014713159762322903
7,1905,0.004528428893536329
7,1906,0.01902773231267929
7,1907,0.002850428456440568
7,1908,0.0033671052660793066
7,1909,0.002203533658757806
7,1910,0.002402331680059433
7,1911,0.003686807118356228
7,1912,0.0014893217012286186
7,1913,0.0014741566265001893
7,1914,0.0035097894724458456
7,1915,0.024391859769821167
7,1916,0.0014190083602443337
7,1917,0.004603537730872631
7,1918,0.002742217155173421
7,1919,0.0015983188059180975
7,1920,0.004289077594876289
7,1921,0.014522260054945946
7,1922,0.00590223353356123
7,1923,0.0025867116637527943
7,1924,0.004661983344703913
7,1925,0.00444054277613759
7,1926,0.007954862900078297
7,1927,0.0024448102340102196
7,1928,0.003176538972184062
7,1929,0.0024479783605784178
7,1930,0.003556103678420186
7,1931,0.0043839141726493835
7,1932,0.008173749782145023
7,1933,0.004569922108203173
7,1934,0.002038986887782812
7,1935,0.003301142482087016
7,1936,0.011706836521625519
7,1937,0.00386861152946949
7,1938,0.0013936500763520598
7,1939,0.006376046687364578
7,1940,0.010341997258365154
7,1941,0.0019514193991199136
7,1942,0.006319054402410984
7,1943,0.004000161774456501
7,1944,0.005173075944185257
7,1945,0.006364714819937944
7,1946,0.0065437499433755875
7,1947,0.013427049852907658
7,1948,0.003993107005953789
7,1949,0.002563771326094866
7,1950,0.001478248625062406
7,1951,0.007831697352230549
7,1952,0.004939232487231493
7,1953,0.015658345073461533
7,1954,0.0031240438111126423
7,1955,0.0030200574547052383
7,1956,0.002361538354307413
7,1957,0.014673706144094467
7,1958,0.0016277170507237315
7,1959,0.0031052634585648775
7,1960,0.0020160407293587923
7,1961,0.0033915690146386623
7,1962,0.00439087487757206
7,1963,0.0035853057634085417
7,1964,0.0029747257940471172
7,1965,0.0017772344872355461
7,1966,0.00150108162779361
7,1967,0.001603425364010036
7,1968,0.005846469197422266
7,1969,0.01014905795454979
7,1970,0.005527790170162916
7,1971,0.007923049852252007
7,1972,0.0032015079632401466
7,1973,0.003736895974725485
7,1974,0.009299024939537048
7,1975,0.0030479682609438896
7,1976,0.0017463327385485172
7,1977,0.00171467917971313
7,1978,0.007823947817087173
7,1979,0.005058099050074816
7,1980,0.003907507751137018
7,1981,0.005447556264698505
7,1982,0.007529867347329855
7,1983,0.004036378115415573
7,1984,0.0018474733224138618
7,1985,0.0014759121695533395
7,1986,0.017857098951935768
7,1987,0.0015857387334108353
7,1988,0.0014386510010808706
7,1989,0.001641817856580019
7,1990,0.005493547301739454
7,1991,0.0014967562165111303
7,1992,0.007211598102003336
7,1993,0.011273122392594814
7,1994,0.011329581029713154
7,1995,0.005920307245105505
7,1996,0.0054557970724999905
7,1997,0.003964030183851719
7,1998,0.008521424606442451
7,1999,0.011818365193903446
7,2000,0.00924875121563673
7,2001,0.004105258267372847
7,2002,0.010371937416493893
7,2003,0.0013934355229139328
7,2004,0.00352458911947906
7,2005,0.004194935783743858
7,2006,0.0020169359631836414
7,2007,0.0024316611234098673
7,2008,0.0033189444802701473
7,2009,0.007470059674233198
7,2010,0.006384732201695442
7,2011,0.001617552014067769
7,2012,0.0015995195135474205
7,2013,0.0024324010591953993
7,2014,0.003407860640436411
7,2015,0.002383758081123233
7,2016,0.0014969927724450827
7,2017,0.0044729504734277725
7,2018,0.006930943112820387
7,2019,0.002954134251922369
7,2020,0.0015275394544005394
7,2021,0.0034187319688498974
7,2022,0.003989329561591148
7,2023,0.0034738401882350445
7,2024,0.0030379602685570717
7,2025,0.006553990300744772
7,2026,0.002010209718719125
7,2027,0.007920106872916222
7,2028,0.004196139518171549
7,2029,0.009291893802583218
7,2030,0.002069097477942705
7,2031,0.0015893550589680672
7,2032,0.0018076756969094276
7,2033,0.005851960740983486
7,2034,0.0016703081782907248
7,2035,0.0021152168046683073
7,2036,0.0018998621962964535
7,2037,0.0022374503314495087
7,2038,0.004115449730306864
7,2039,0.0027442823629826307
7,2040,0.014179987832903862
7,2041,0.0019318244885653257
7,2042,0.002858576597645879
7,2043,0.0017616667319089174
7,2044,0.0055380514822900295
7,2045,0.005309621337801218
7,2046,0.004105571191757917
7,2047,0.005499865859746933
7,2048,0.0038789964746683836
7,2049,0.0013730552745983005
7,2050,0.006146912928670645
7,2051,0.0022640745155513287
7,2052,0.003181533655151725
7,2053,0.0014600197318941355
7,2054,0.001425081049092114
7,2055,0.011962482705712318
7,2056,0.0017271989490836859
7,2057,0.012042785063385963
7,2058,0.0055513400584459305
7,2059,0.003238376695662737
7,2060,0.002391063142567873
7,2061,0.0025552911683917046
7,2062,0.002016884507611394
7,2063,0.006722381804138422
7,2064,0.001332353102043271
7,2065,0.001442723791114986
7,2066,0.00405444810166955
7,2067,0.005132849328219891
7,2068,0.001944375573657453
7,2069,0.0018520792946219444
7,2070,0.003822150407359004
7,2071,0.001474828808568418
7,2072,0.0017668388318270445
7,2073,0.007616846822202206
7,2074,0.002073646057397127
7,2075,0.004548898432403803
7,2076,0.0031225502025336027
7,2077,0.008387308567762375
7,2078,0.001800713362172246
7,2079,0.002618056256324053
7,2080,0.0013497094623744488
7,2081,0.0016365970950573683
7,2082,0.0033659504260867834
7,2083,0.0017403109231963754
7,2084,0.0014557617250829935
7,2085,0.003545725019648671
7,2086,0.0039483532309532166
7,2087,0.002743923105299473
7,2088,0.03686033561825752
7,2089,0.0014092004857957363
7,2090,0.0014683008193969727
7,2091,0.0026945110876113176
7,2092,0.00682186521589756
7,2093,0.0013468768447637558
8,2094,0.0021698931232094765
8,2095,0.003025136422365904
8,2096,0.010180601850152016
8,2097,0.003172722877934575
8,2098,0.0034476155415177345
8,2099,0.00940872635692358
8,2100,0.002907216316089034
8,2101,0.006081558298319578
8,2102,0.003636981826275587
8,2103,0.0013312195660546422
8,2104,0.001904082135297358
8,2105,0.00139050732832402
8,2106,0.0015251743607223034
8,2107,0.006313350051641464
8,2108,0.001489644986577332
8,2109,0.005762800108641386
8,2110,0.0013844599016010761
8,2111,0.0021648488473147154
8,2112,0.00367161026224494
8,2113,0.0018930146470665932
8,2114,0.012353109195828438
8,2115,0.004847759380936623
8,2116,0.006354195531457663
8,2117,0.001783845480531454
8,2118,0.003966435324400663
8,2119,0.0016298850532621145
8,2120,0.0036702288780361414
8,2121,0.004965218715369701
8,2122,0.007573419716209173
8,2123,0.011107749305665493
8,2124,0.02632773295044899
8,2125,0.001341680414043367
8,2126,0.0014646979980170727
8,2127,0.0035083156544715166
8,2128,0.0013825164642184973
8,2129,0.0023484837729483843
8,2130,0.002227427903562784
8,2131,0.00925212912261486
8,2132,0.005611424334347248
8,2133,0.0076214889995753765
8,2134,0.003957587759941816
8,2135,0.0019143790705129504
8,2136,0.007155817002058029
8,2137,0.006599714048206806
8,2138,0.002457807306200266
8,2139,0.002875368809327483
8,2140,0.0017156003741547465
8,2141,0.0017258540028706193
8,2142,0.00386152695864439
8,2143,0.0015448195626959205
8,2144,0.001368529163300991
8,2145,0.001604766701348126
8,2146,0.011928073130548
8,2147,0.0014006155543029308
8,2148,0.0013406682992354035
8,2149,0.0013567940331995487
8,2150,0.0012337452499195933
8,2151,0.0025907065719366074
8,2152,0.0037471335381269455
8,2153,0.0014594142558053136
8,2154,0.006466376129537821
8,2155,0.0030241820495575666
8,2156,0.0019231261685490608
8,2157,0.0013114564353600144
8,2158,0.002715503331273794
8,2159,0.004389673937112093
8,2160,0.0025851326063275337
8,2161,0.0018957379506900907
8,2162,0.00194174621719867
8,2163,0.0021300180815160275
8,2164,0.003005565144121647
8,2165,0.010155213996767998
8,2166,0.0017917357617989182
8,2167,0.009214580990374088
8,2168,0.004305061884224415
8,2169,0.003884662641212344
8,2170,0.001183127867989242
8,2171,0.005598464980721474
8,2172,0.004746869672089815
8,2173,0.0017837989144027233
8,2174,0.0028373387176543474
8,2175,0.0030288423877209425
8,2176,0.0016616882057860494
8,2177,0.0024216219317167997
8,2178,0.002617358462885022
8,2179,0.0026105111464858055
8,2180,0.002539261244237423
8,2181,0.0038287085480988026
8,2182,0.0019126279512420297
8,2183,0.003680436871945858
8,2184,0.008610190823674202
8,2185,0.00860384851694107
8,2186,0.002578664803877473
8,2187,0.003541146405041218
8,2188,0.008540507405996323
8,2189,0.0012453534873202443
8,2190,0.009778657928109169
8,2191,0.0015861212741583586
8,2192,0.032284926623106
8,2193,0.001822813181206584
8,2194,0.005835630930960178
8,2195,0.0013165489071980119
8,2196,0.0023118178360164165
8,2197,0.0016694247024133801
8,2198,0.0051206559874117374
8,2199,0.001480277394875884
8,2200,0.009134274907410145
8,2201,0.0012651975266635418
8,2202,0.0037985544186085463
8,2203,0.0013738314155489206
8,2204,0.0033975273836404085
8,2205,0.01883251778781414
8,2206,0.00251487223431468
8,2207,0.00319038238376379
8,2208,0.0019943309016525745
8,2209,0.0019339857390150428
8,2210,0.0031930452678352594
8,2211,0.001635444350540638
8,2212,0.0013316073454916477
8,2213,0.0024408346507698298
8,2214,0.021664006635546684
8,2215,0.001172655145637691
8,2216,0.0029776666779071093
8,2217,0.0019997404888272285
8,2218,0.0014123411383479834
8,2219,0.0017356985481455922
8,2220,0.013732501305639744
8,2221,0.0023934543132781982
8,2222,0.0014945041621103883
8,2223,0.008296553045511246
8,2224,0.0040785642340779305
8,2225,0.005335649941116571
8,2226,0.0015130586689338088
8,2227,0.004959159530699253
8,2228,0.0028168638236820698
8,2229,0.0029249838553369045
8,2230,0.0018258793279528618
8,2231,0.0025288118049502373
8,2232,0.0034949523396790028
8,2233,0.0015470937360078096
8,2234,0.0032753394916653633
8,2235,0.010582203976809978
8,2236,0.004058315418660641
8,2237,0.0012934081023558974
8,2238,0.005948817823082209
8,2239,0.0025617177598178387
8,2240,0.002391594462096691
8,2241,0.0041563487611711025
8,2242,0.0015286129200831056
8,2243,0.0017503387061879039
8,2244,0.004946944769471884
8,2245,0.007653249427676201
8,2246,0.010727065615355968
8,2247,0.002594210207462311
8,2248,0.0033274986781179905
8,2249,0.0013364632613956928
8,2250,0.007283409591764212
8,2251,0.003386639291420579
8,2252,0.015991520136594772
8,2253,0.0017523856367915869
8,2254,0.001250381930731237
8,2255,0.0014328492106869817
8,2256,0.005942155607044697
8,2257,0.0014588698977604508
8,2258,0.0032446112018078566
8,2259,0.003066041273996234
8,2260,0.00478764483705163
8,2261,0.003980947658419609
8,2262,0.0019201800459995866
8,2263,0.0026295094285160303
8,2264,0.006044837646186352
8,2265,0.0013094426831230521
8,2266,0.0030195466242730618
8,2267,0.005704166833311319
8,2268,0.0023257483262568712
8,2269,0.005880833603441715
8,2270,0.00890706293284893
8,2271,0.0025409359950572252
8,2272,0.0019322431180626154
8,2273,0.003918263595551252
8,2274,0.002715734764933586
8,2275,0.0013564320979639888
8,2276,0.001349006313830614
8,2277,0.0018964188639074564
8,2278,0.0034809440840035677
8,2279,0.0022936053574085236
8,2280,0.0022731167264282703
8,2281,0.007731066085398197
8,2282,0.006397293880581856
8,2283,0.0018284721300005913
8,2284,0.004622910171747208
8,2285,0.018020570278167725
8,2286,0.002192059066146612
8,2287,0.0013710628263652325
8,2288,0.0033008826430886984
8,2289,0.006608260795474052
8,2290,0.0012699088547378778
8,2291,0.0028362665325403214
8,2292,0.009705536998808384
8,2293,0.011263730004429817
8,2294,0.0015935772098600864
8,2295,0.0043746246956288815
8,2296,0.0030387090519070625
8,2297,0.0014328049728646874
8,2298,0.001974765444174409
8,2299,0.0033194497227668762
8,2300,0.0013313075760379434
8,2301,0.008943755179643631
8,2302,0.0012414022348821163
8,2303,0.0019801417365670204
8,2304,0.0016421268228441477
8,2305,0.001451202784664929
8,2306,0.001963802147656679
8,2307,0.0017833984456956387
8,2308,0.004676817916333675
8,2309,0.006614505313336849
8,2310,0.0017926051514223218
8,2311,0.005273074377328157
8,2312,0.0016165924025699496
8,2313,0.001339792856015265
8,2314,0.001249514752998948
8,2315,0.001583459204994142
8,2316,0.004311907570809126
8,2317,0.005386082921177149
8,2318,0.0035486212000250816
8,2319,0.001198429730720818
8,2320,0.001721300301142037
8,2321,0.006420937366783619
8,2322,0.0013736875262111425
8,2323,0.005619607400149107
8,2324,0.0020684911869466305
8,2325,0.0018010532949119806
8,2326,0.001345790340565145
8,2327,0.0021796440705657005
8,2328,0.004156986717134714
8,2329,0.0021243165247142315
8,2330,0.0015938228461891413
8,2331,0.005126508884131908
8,2332,0.005514118820428848
8,2333,0.0018975426210090518
8,2334,0.004167712759226561
8,2335,0.0026699218433350325
8,2336,0.00580802233889699
8,2337,0.0014016898348927498
8,2338,0.0014113042270764709
8,2339,0.008832629770040512
8,2340,0.001413766760379076
8,2341,0.001580724841915071
8,2342,0.0013869664398953319
8,2343,0.00377098866738379
8,2344,0.0012968209339305758
8,2345,0.001350134378299117
8,2346,0.0041185179725289345
8,2347,0.0025614635087549686
8,2348,0.001210211543366313
8,2349,0.00195237435400486
8,2350,0.00455658882856369
8,2351,0.002869744785130024
8,2352,0.0014167898334562778
8,2353,0.0021171628031879663
8,2354,0.004811881575733423
8,2355,0.0031674583442509174
8,2356,0.011698804795742035
8,2357,0.004715997725725174
8,2358,0.004686729051172733
8,2359,0.0018654351588338614
8,2360,0.0017943133134394884
8,2361,0.003612771863117814
8,2362,0.0021224175579845905
8,2363,0.0014118211111053824
8,2364,0.0012292686151340604
8,2365,0.001945828553289175
8,2366,0.0031786696054041386
8,2367,0.0026464415714144707
8,2368,0.0029849710408598185
8,2369,0.002742174779996276
8,2370,0.0012237264309078455
8,2371,0.0015756034990772605
8,2372,0.004884311463683844
8,2373,0.0020760372281074524
8,2374,0.004414457827806473
8,2375,0.0034632086753845215
8,2376,0.006590642500668764
8,2377,0.0020801727660000324
8,2378,0.0036410517059266567
8,2379,0.0012458876008167863
8,2380,0.0025793202221393585
8,2381,0.004277356900274754
8,2382,0.0016173162730410695
8,2383,0.001472126692533493
8,2384,0.00299871526658535
8,2385,0.0016732162330299616
8,2386,0.0011480067623779178
8,2387,0.03622880578041077
8,2388,0.001472354750148952
8,2389,0.0014465311542153358
8,2390,0.003614995628595352
8,2391,0.011501310393214226
8,2392,0.0012018418638035655
9,2393,0.002845006063580513
9,2394,0.0028111832216382027
9,2395,0.007887277752161026
9,2396,0.0029438892379403114
9,2397,0.002408774569630623
9,2398,0.0016417251899838448
9,2399,0.002286504954099655
9,2400,0.00666928431019187
9,2401,0.0024405645672231913
9,2402,0.0012039074208587408
9,2403,0.0015788134187459946
9,2404,0.0018487381748855114
9,2405,0.001385105773806572
9,2406,0.004341069143265486
9,2407,0.0013488184195011854
9,2408,0.005568575579673052
9,2409,0.0012501274468377233
9,2410,0.0013642165577039123
9,2411,0.0019713377114385366
9,2412,0.004873030353337526
9,2413,0.011662356555461884
9,2414,0.002349279122427106
9,2415,0.006157510913908482
9,2416,0.00135191495064646
9,2417,0.004220674280077219
9,2418,0.0013175943167880177
9,2419,0.0023152162320911884
9,2420,0.004574256017804146
9,2421,0.006018400192260742
9,2422,0.00160320068243891
9,2423,0.023826876655220985
9,2424,0.0013078266056254506
9,2425,0.0012632590951398015
9,2426,0.002058382611721754
9,2427,0.0012517372379079461
9,2428,0.0014458809746429324
9,2429,0.0030684128869324923
9,2430,0.002540448447689414
9,2431,0.007468013558536768
9,2432,0.0069732218980789185
9,2433,0.0037597634363919497
9,2434,0.0013433261774480343
9,2435,0.004353831056505442
9,2436,0.012465305626392365
9,2437,0.001606121426448226
9,2438,0.002324456349015236
9,2439,0.001183989574201405
9,2440,0.0013376949355006218
9,2441,0.005604850128293037
9,2442,0.0014374933671206236
9,2443,0.0012484489707276225
9,2444,0.0016065703239291906
9,2445,0.009852658025920391
9,2446,0.0012469625798985362
9,2447,0.0012163814390078187
9,2448,0.00119010207708925
9,2449,0.0010840983595699072
9,2450,0.002136814408004284
9,2451,0.0021154265850782394
9,2452,0.001275807386264205
9,2453,0.004951133858412504
9,2454,0.003049880964681506
9,2455,0.0015176779124885798
9,2456,0.0012857526307925582
9,2457,0.0020340108312666416
9,2458,0.0031501115299761295
9,2459,0.001988757401704788
9,2460,0.0015580678591504693
9,2461,0.0012671549338847399
9,2462,0.0013219226384535432
9,2463,0.0015205304371193051
9,2464,0.011081323027610779
9,2465,0.0015708372229710221
9,2466,0.0032622350845485926
9,2467,0.0023876626510173082
9,2468,0.0012190730776637793
9,2469,0.0011458643712103367
9,2470,0.001629550475627184
9,2471,0.0022167155984789133
9,2472,0.0014668592484667897
9,2473,0.0022834462579339743
9,2474,0.0030144527554512024
9,2475,0.0038876375183463097
9,2476,0.0014747839886695147
9,2477,0.0023256235290318727
9,2478,0.0016794292023405433
9,2479,0.0031342734582722187
9,2480,0.004008039832115173
9,2481,0.0016035700682550669
9,2482,0.002359231235459447
9,2483,0.005330536048859358
9,2484,0.0017044945852831006
9,2485,0.0014645089395344257
9,2486,0.003604103112593293
9,2487,0.005222246050834656
9,2488,0.0011694381246343255
9,2489,0.00935642421245575
9,2490,0.001836020383052528
9,2491,0.030863264575600624
9,2492,0.001417397172190249
9,2493,0.0018678979249671102
9,2494,0.001513200462795794
9,2495,0.0015979959862306714
9,2496,0.0015301628736779094
9,2497,0.004077438730746508
9,2498,0.0013288932386785746
9,2499,0.008043629117310047
9,2500,0.0015165345976129174
9,2501,0.002915447810664773
9,2502,0.0011078276438638568
9,2503,0.0015768788289278746
9,2504,0.017191126942634583
9,2505,0.00344959762878716
9,2506,0.0035668984055519104
9,2507,0.0016236532246693969
9,2508,0.004316331353038549
9,2509,0.001889868755824864
9,2510,0.006454872898757458
9,2511,0.001191973453387618
9,2512,0.0020426707342267036
9,2513,0.020431216806173325
9,2514,0.0011205615010112524
9,2515,0.001988200703635812
9,2516,0.0016977215418592095
9,2517,0.0012569549726322293
9,2518,0.0026189195923507214
9,2519,0.011894510127604008
9,2520,0.0013890484115108848
9,2521,0.0014588747872039676
9,2522,0.0019589962903410196
9,2523,0.00328850164078176
9,2524,0.00644274614751339
9,2525,0.0014811106957495213
9,2526,0.0039048821199685335
9,2527,0.0018531805835664272
9,2528,0.0022996277548372746
9,2529,0.0021066649351269007
9,2530,0.0030582512263208628
9,2531,0.002116756746545434
9,2532,0.0014176277909427881
9,2533,0.0025964549276977777
9,2534,0.009327992796897888
9,2535,0.0038557923398911953
9,2536,0.0011485836002975702
9,2537,0.0038751401007175446
9,2538,0.0017577080288901925
9,2539,0.0016013971762731671
9,2540,0.0016228611348196864
9,2541,0.001547313411720097
9,2542,0.007378984242677689
9,2543,0.0028503923676908016
9,2544,0.0060585434548556805
9,2545,0.010592679493129253
9,2546,0.0025108621921390295
9,2547,0.002455021720379591
9,2548,0.0012102655600756407
9,2549,0.006681704893708229
9,2550,0.009413820691406727
9,2551,0.016012020409107208
9,2552,0.0015318430960178375
9,2553,0.0011622152524068952
9,2554,0.0013527963310480118
9,2555,0.002735626418143511
9,2556,0.0013647002633661032
9,2557,0.001150652184151113
9,2558,0.002698187716305256
9,2559,0.0028310860507190228
9,2560,0.0020813383162021637
9,2561,0.0013130264123901725
9,2562,0.0023586838506162167
9,2563,0.0011704633943736553
9,2564,0.0012107188813388348
9,2565,0.0013852105475962162
9,2566,0.005373893305659294
9,2567,0.004701853729784489
9,2568,0.0018635473679751158
9,2569,0.003443764988332987
9,2570,0.005419236142188311
9,2571,0.002699814038351178
9,2572,0.010000561363995075
9,2573,0.002057289704680443
9,2574,0.0011360406642779708
9,2575,0.0011923204874619842
9,2576,0.0019196438370272517
9,2577,0.001842015772126615
9,2578,0.0013761131558567286
9,2579,0.0014091524062678218
9,2580,0.008699950762093067
9,2581,0.005897315219044685
9,2582,0.001323510194197297
9,2583,0.001398945925757289
9,2584,0.014499042183160782
9,2585,0.0011966159800067544
9,2586,0.0011808904819190502
9,2587,0.001303965225815773
9,2588,0.004958127625286579
9,2589,0.0012020712019875646
9,2590,0.0015724048716947436
9,2591,0.00895373709499836
9,2592,0.011323636397719383
9,2593,0.0012017072876915336
9,2594,0.0019124015234410763
9,2595,0.0024640269111841917
9,2596,0.0015045586042106152
9,2597,0.0019364418694749475
9,2598,0.0012626225361600518
9,2599,0.001205054228194058
9,2600,0.0020210579968988895
9,2601,0.0011317019816488028
9,2602,0.0019589050207287073
9,2603,0.0036265691742300987
9,2604,0.001962857786566019
9,2605,0.0013972973683848977
9,2606,0.001655039843171835
9,2607,0.010671299882233143
9,2608,0.006583567708730698
9,2609,0.0012169114779680967
9,2610,0.004486273508518934
9,2611,0.001605858327820897
9,2612,0.0011610749643296003
9,2613,0.0011673857225105166
9,2614,0.0011211299570277333
9,2615,0.0018262353260070086
9,2616,0.0019775163382291794
9,2617,0.0015239674830809236
9,2618,0.0011391285806894302
9,2619,0.001723783672787249
9,2620,0.0034845543559640646
9,2621,0.0013864145148545504
9,2622,0.0022561154328286648
9,2623,0.0034513361752033234
9,2624,0.0013465614756569266
9,2625,0.0012998159509152174
9,2626,0.003130401950329542
9,2627,0.0020716730505228043
9,2628,0.0017671005334705114
9,2629,0.0011050972389057279
9,2630,0.0024408544413745403
9,2631,0.007906511425971985
9,2632,0.009807875379920006
9,2633,0.002436057897284627
9,2634,0.00180151651147753
9,2635,0.004398129414767027
9,2636,0.0012347513111308217
9,2637,0.0012073637917637825
9,2638,0.010140961967408657
9,2639,0.0015459078131243587
9,2640,0.0011873136973008513
9,2641,0.001295255497097969
9,2642,0.002659053774550557
9,2643,0.0012255258625373244
9,2644,0.0014011063612997532
9,2645,0.0032927861902862787
9,2646,0.0016413206467404962
9,2647,0.0011565128806978464
9,2648,0.0018066209740936756
9,2649,0.001284182071685791
9,2650,0.001425258000381291
9,2651,0.003987217787653208
9,2652,0.0012294560438022017
9,2653,0.005906472448259592
9,2654,0.0013986666454002261
9,2655,0.011364310048520565
9,2656,0.004538895096629858
9,2657,0.0023900368250906467
9,2658,0.005260361358523369
9,2659,0.002284647198393941
9,2660,0.0013934419257566333
9,2661,0.0019834728445857763
9,2662,0.0011084497673437
9,2663,0.0017999608535319567
9,2664,0.0015176004962995648
9,2665,0.0034205298870801926
9,2666,0.0014269872335717082
9,2667,0.0022539207711815834
9,2668,0.003454848425462842
9,2669,0.0011383065721020103
9,2670,0.006704550236463547
9,2671,0.005706885829567909
9,2672,0.0038208041805773973
9,2673,0.0043030306696891785
9,2674,0.0014391501899808645
9,2675,0.0020623360760509968
9,2676,0.002437134739011526
9,2677,0.003213841700926423
9,2678,0.001152355340309441
9,2679,0.0011909088352695107
9,2680,0.003818384138867259
9,2681,0.001439291751012206
9,2682,0.0018295829650014639
9,2683,0.003573236521333456
9,2684,0.0020457895006984472
9,2685,0.0011996777029708028
9,2686,0.03138729929924011
9,2687,0.0012523264158517122
9,2688,0.001439399435184896
9,2689,0.0017301313346251845
9,2690,0.005931274499744177
9,2691,0.0011508563766255975
10,2692,0.0026805768720805645
10,2693,0.0021615573205053806
10,2694,0.006406211294233799
10,2695,0.003590637119486928
10,2696,0.0021223847288638353
10,2697,0.0012076713610440493
10,2698,0.003048403188586235
10,2699,0.0019992508459836245
10,2700,0.002097474876791239
10,2701,0.0011318454053252935
10,2702,0.0014858602080494165
10,2703,0.0012016802793368697
10,2704,0.0012330025201663375
10,2705,0.0037482839543372393
10,2706,0.001237747143022716
10,2707,0.005492641590535641
10,2708,0.001325423363596201
10,2709,0.001304739504121244
10,2710,0.002861577086150646
10,2711,0.004145047161728144
10,2712,0.004544367082417011
10,2713,0.002105868188664317
10,2714,0.00619589863345027
10,2715,0.0015599839389324188
10,2716,0.0039029386825859547
10,2717,0.0025794210378080606
10,2718,0.003593957982957363
10,2719,0.004215091932564974
10,2720,0.003935815766453743
10,2721,0.0024744640104472637
10,2722,0.018828509375452995
10,2723,0.001080982736311853
10,2724,0.0011458427179604769
10,2725,0.0015474631218239665
10,2726,0.0012990396935492754
10,2727,0.0012853059452027082
10,2728,0.001710512675344944
10,2729,0.0022443290799856186
10,2730,0.004331171978265047
10,2731,0.007157408632338047
10,2732,0.0019835804123431444
10,2733,0.0015543712070211768
10,2734,0.0021927780471742153
10,2735,0.004562898073345423
10,2736,0.0024518542923033237
10,2737,0.0014457618817687035
10,2738,0.001158757135272026
10,2739,0.0012618672335520387
10,2740,0.0028099636547267437
10,2741,0.001277554896660149
10,2742,0.0014814268797636032
10,2743,0.0014133924851194024
10,2744,0.01034544687718153
10,2745,0.001200606464408338
10,2746,0.001115963445045054
10,2747,0.0011015553027391434
10,2748,0.001040069037117064
10,2749,0.0016625357093289495
10,2750,0.0020667731296271086
10,2751,0.0013719832058995962
10,2752,0.0058373017236590385
10,2753,0.0020693170372396708
10,2754,0.001412315876223147
10,2755,0.001284896512515843
10,2756,0.0014816588955000043
10,2757,0.0017367611872032285
10,2758,0.002953318413347006
10,2759,0.001196931698359549
10,2760,0.0012223124504089355
10,2761,0.0012751081958413124
10,2762,0.0011641678865998983
10,2763,0.011379208415746689
10,2764,0.0015769031597301364
10,2765,0.00916169211268425
10,2766,0.0018652552971616387
10,2767,0.0011898432858288288
10,2768,0.0010212345514446497
10,2769,0.001288908184505999
10,2770,0.003337620757520199
10,2771,0.0015283100074157119
10,2772,0.001722146524116397
10,2773,0.003049552207812667
10,2774,0.0013382422039285302
10,2775,0.0013500970089808106
10,2776,0.0013677439419552684
10,2777,0.0013630163157358766
10,2778,0.003406652482226491
10,2779,0.0035733941476792097
10,2780,0.0014762599021196365
10,2781,0.002788477810099721
10,2782,0.003054365050047636
10,2783,0.0015705660916864872
10,2784,0.0016646725125610828
10,2785,0.002598266815766692
10,2786,0.003117468673735857
10,2787,0.0010608152952045202
10,2788,0.008728276938199997
10,2789,0.0013968180865049362
10,2790,0.03161056712269783
10,2791,0.0015567418886348605
10,2792,0.0017479582456871867
10,2793,0.0011810598662123084
10,2794,0.003455529920756817
10,2795,0.003304439829662442
10,2796,0.00569315766915679
10,2797,0.0011980190174654126
10,2798,0.008257299661636353
10,2799,0.0011490675387904048
10,2800,0.0025523111689835787
10,2801,0.0010436809388920665
10,2802,0.0016031203558668494
10,2803,0.019130636006593704
10,2804,0.004469604231417179
10,2805,0.002337451558560133
10,2806,0.001444987254217267
10,2807,0.0011647199280560017
10,2808,0.004933960270136595
10,2809,0.0011715827276930213
10,2810,0.001171333366073668
10,2811,0.001969765406101942
10,2812,0.02042016200721264
10,2813,0.0011144146556034684
10,2814,0.001510800328105688
10,2815,0.0014120826963335276
10,2816,0.0011954595101997256
10,2817,0.0012621971545740962
10,2818,0.010123190470039845
10,2819,0.001543847844004631
10,2820,0.0017343575600534678
10,2821,0.001552879810333252
10,2822,0.001857536262832582
10,2823,0.00222767167724669
10,2824,0.001116082421503961
10,2825,0.003909612540155649
10,2826,0.0013710518833249807
10,2827,0.0016855034045875072
10,2828,0.0015445108292624354
10,2829,0.0036844692658632994
10,2830,0.00253972876816988
10,2831,0.0013388394145295024
10,2832,0.0019166602287441492
10,2833,0.009193788282573223
10,2834,0.0012603051727637649
10,2835,0.0010803788900375366
10,2836,0.005618385970592499
10,2837,0.0018038095440715551
10,2838,0.0012598623288795352
10,2839,0.0020884997211396694
10,2840,0.0012147316010668874
10,2841,0.0022372761741280556
10,2842,0.003891741158440709
10,2843,0.0070748343132436275
10,2844,0.01068795658648014
10,2845,0.0019134186441078782
10,2846,0.0017115639057010412
10,2847,0.0011312111746519804
10,2848,0.006376222707331181
10,2849,0.003553246147930622
10,2850,0.015836521983146667
10,2851,0.0011912337504327297
10,2852,0.0010774160036817193
10,2853,0.0012741668615490198
10,2854,0.0059300619177520275
10,2855,0.0012047560885548592
10,2856,0.0010725782485678792
10,2857,0.0014666778733953834
10,2858,0.0030882705468684435
10,2859,0.0026421709917485714
10,2860,0.0015134626301005483
10,2861,0.0029658302664756775
10,2862,0.0012909973738715053
10,2863,0.0012199754128232598
10,2864,0.0013876660959795117
10,2865,0.0056153773330152035
10,2866,0.001619446324184537
10,2867,0.003920517861843109
10,2868,0.005978213623166084
10,2869,0.004472683649510145
10,2870,0.0014767275424674153
10,2871,0.004320168402045965
10,2872,0.004154067020863295
10,2873,0.0011149619240313768
10,2874,0.0011110524646937847
10,2875,0.0015752023318782449
10,2876,0.0015526384813711047
10,2877,0.0013770228251814842
10,2878,0.001495935139246285
10,2879,0.0073813628405332565
10,2880,0.005300153978168964
10,2881,0.0011533725773915648
10,2882,0.0012221161741763353
10,2883,0.014530137181282043
10,2884,0.0018396591767668724
10,2885,0.0011721953051164746
10,2886,0.0012309791054576635
10,2887,0.0016396024730056524
10,2888,0.0011650213273242116
10,2889,0.001375424675643444
10,2890,0.009022541344165802
10,2891,0.011072379536926746
10,2892,0.0015830849297344685
10,2893,0.00209930376149714
10,2894,0.0032886574044823647
10,2895,0.0017070909962058067
10,2896,0.006452863570302725
10,2897,0.001344942720606923
10,2898,0.0012437854893505573
10,2899,0.001575234578922391
10,2900,0.0010999903315678239
10,2901,0.001358283101581037
10,2902,0.002283643465489149
10,2903,0.00185331329703331
10,2904,0.0020629391074180603
10,2905,0.002044837223365903
10,2906,0.003430599346756935
10,2907,0.006538980174809694
10,2908,0.0016022037016227841
10,2909,0.0011067845625802875
10,2910,0.0015000355197116733
10,2911,0.0012083809124305844
10,2912,0.0013158107176423073
10,2913,0.0010721380822360516
10,2914,0.0014359364286065102
10,2915,0.0016681731212884188
10,2916,0.002459617331624031
10,2917,0.0011219587177038193
10,2918,0.001133463461883366
10,2919,0.003336544381454587
10,2920,0.0012576208682730794
10,2921,0.0014121347339823842
10,2922,0.0022274598013609648
10,2923,0.0011158166453242302
10,2924,0.0012480043806135654
10,2925,0.0015785458963364363
10,2926,0.0015994742279872298
10,2927,0.0015947945648804307
10,2928,0.001062025548890233
10,2929,0.002053486881777644
10,2930,0.00907754898071289
10,2931,0.0016545929247513413
10,2932,0.0012986522633582354
10,2933,0.0013238104293122888
10,2934,0.001212293398566544
10,2935,0.0011457324726507068
10,2936,0.001164887216873467
10,2937,0.003228612244129181
10,2938,0.0012853661319240928
10,2939,0.0012537430739030242
10,2940,0.0014711323892697692
10,2941,0.0031868622172623873
10,2942,0.0011298994068056345
10,2943,0.0011405700352042913
10,2944,0.0029090556781738997
10,2945,0.001752763637341559
10,2946,0.0011363974772393703
10,2947,0.003034870373085141
10,2948,0.0013649684842675924
10,2949,0.0012098683509975672
10,2950,0.001136110513471067
10,2951,0.0012083053588867188
10,2952,0.0013709067134186625
10,2953,0.0012717997888103127
10,2954,0.012805418111383915
10,2955,0.004372991621494293
10,2956,0.005833989009261131
10,2957,0.0022842169273644686
10,2958,0.0015560445608571172
10,2959,0.002444719895720482
10,2960,0.002429576590657234
10,2961,0.012907995842397213
10,2962,0.0011202676687389612
10,2963,0.0011731113772839308
10,2964,0.005591460969299078
10,2965,0.0027748444117605686
10,2966,0.0012438098201528192
10,2967,0.0019085351377725601
10,2968,0.001178878010250628
10,2969,0.001839485834352672
10,2970,0.005487606395035982
10,2971,0.001662533381022513
10,2972,0.0030949036590754986
10,2973,0.001985502429306507
10,2974,0.00625203549861908
10,2975,0.0013077210169285536
10,2976,0.005200083367526531
10,2977,0.0011243828339502215
10,2978,0.0011553311487659812
10,2979,0.0026022503152489662
10,2980,0.0014354541199281812
10,2981,0.001323246629908681
10,2982,0.002643655054271221
10,2983,0.002222534501925111
10,2984,0.0010538334026932716
10,2985,0.024445032700896263
10,2986,0.0012014990206807852
10,2987,0.0013145273551344872
10,2988,0.0019767300691455603
10,2989,0.004627618007361889
10,2990,0.001135063823312521
